{
	"name": "phat-loot",
	"title": "Phat Loot ITems and RollTables",
	"description": "All the loot roll tables from the 5E DMG and Missing Items",
	"version": "1.0.0",
	"minimumCoreVersion": "9",
	"compatibleCoreVersion": "9",
	"author": "Sobenz",
	"authors": [
		{
			"name": "Sobenz"
		}
	],
	"dependencies": [
		{
			"name": "dnd5e",
			"type": "system"
		},
		{
			"name": "better-rolltables",
			"type": "module",
			"manifest": "https://raw.githubusercontent.com/ultrakorne/better-rolltables/master/module.json"
		}
	],
	"packs": [
		{
			"name": "phat-art-objects",
			"label": "Art Objects",
			"path": "./packs/phat-art-objects.db",
			"entity": "Item",
            "system": "dnd5e",
			"module": "phat-loot"
		},
		{
			"name": "phat-gemstones",
			"label": "Gemstones",
			"path": "./packs/phat-gemstones.db",
			"entity": "Item",
            "system": "dnd5e",
			"module": "phat-loot"
		},		
        {
			"name": "phat-magic-items",
			"label": "Magical",
			"path": "./packs/phat-magic-items.db",
			"entity": "Item",
            "system": "dnd5e",
			"module": "phat-loot"
		},
        {
			"name": "phat-roll-tables",
			"label": "Loot Roll Tables",
			"path": "./packs/phat-roll-tables.db",
			"entity": "RollTable",
            "system": "dnd5e",
			"module": "phat-loot"
		},
	],
	"url": "https://github.com/sobenz/foundryvtt-modules",
	"download": "https://raw.githubusercontent.com/sobenz/foundryvtt-modules/main/phat-loot/1.0.0.zip",
	"manifest": "https://raw.githubusercontent.com/sobenz/foundryvtt-modules/main/phat-loot/module.json",
}