{
    "name": "phat-loot",
    "title": "DnD Phat Loot",
    "description": "A collection of missing items and roll tables for treasure defined in the DMG",
    "version": "1.0.0",
    "author": "Sobenz",
    "minimumCoreVersion": "9",
    "compatibleCoreVersion": "9",
    "dependencies": [
        {
            "name": "dnd5e",
            "type": "system"
        },
        {
            "name": "better-rolltables",
            "type": "module",
            "manifest": "https://raw.githubusercontent.com/ultrakorne/better-rolltables/master/module.json"
        },
        {
            "name": "compendium-folders",
            "type": "module",
            "manifest": "https://raw.githubusercontent.com/earlSt1/vtt-compendium-folders/09x-update/module.json"
        }
    ],
    "packs": [
        {
            "name": "phat-art-objects",
            "label": "Art Objects",
            "path": "./packs/phat-art-objects.db",
            "entity": "Item",
            "system": "dnd5e",
            "module": "phat-loot"
        },
        {
            "name": "phat-gemstones",
            "label": "Gemstones",
            "path": "./packs/phat-gemstones.db",
            "entity": "Item",
            "system": "dnd5e",
            "module": "phat-loot"
        },
        {
            "name": "phat-magic-items",
            "label": "Magical",
            "path": "./packs/phat-magic-items.db",
            "entity": "Item",
            "system": "dnd5e",
            "module": "phat-loot"
        },
        {
            "name": "phat-roll-tables",
            "label": "Loot Roll Tables",
            "path": "./packs/phat-roll-tables.db",
            "entity": "RollTable",
            "system": "dnd5e",
            "module": "phat-loot"
        }
    ],
    "url": "https://github.com/sobenz/foundryvtt-modules",
    "manifest": "https://raw.githubusercontent.com/sobenz/foundryvtt-modules/main/phat-loot/module.json",
    "download": "https://raw.githubusercontent.com/sobenz/foundryvtt-modules/main/phat-loot/phat-loot.zip"
  }